{
  "source": "AlienVault OTX",
  "pulse": "Weekly Threat Bulletin – January 28th, 2026",
  "type": "CVE",
  "value": "CVE-2023-1389",
  "description": "This weekly threat bulletin highlights several critical vulnerabilities and emerging threats. A severe RCE vulnerability in React Server Components and Next.js (CVE-2025-55182) is being actively explo",
  "tags": [
    "react",
    "agenda",
    "next.js",
    "nezha",
    "aisuru",
    "okiru",
    "cve-2025-68645",
    "morte",
    "oracle e-business suite",
    "cve-2025-61882",
    "rce",
    "mirai",
    "vshell",
    "rondodox",
    "cve-2025-55182",
    "compood",
    "bash0day",
    "rondo",
    "cisa",
    "macos",
    "sliver",
    "cve-2025-31125",
    "beacon",
    "satori",
    "ransomware",
    "etherrat",
    "wicked",
    "scavenger",
    "bpfdoor",
    "clop",
    "splinter",
    "cobalt strike",
    "gitlab",
    "interlock",
    "torlus",
    "agendacrypt",
    "lzrd",
    "monetastealer",
    "qilin",
    "kswapdoor",
    "resgod",
    "pulsepack",
    "miori",
    "peerblight",
    "lizkebab",
    "rondobot",
    "noodle rat",
    "angryrebel",
    "cve-2025-34026",
    "xmrig",
    "masuta",
    "gafgyt",
    "puremasuta",
    "bashlite",
    "cve-2025-54313"
  ],
  "created": "2026-01-28T13:31:30.733000",
  "reference": "https://otx.alienvault.com/pulse/697a0fb2c327ef769cb46467"
}