{
  "source": "AlienVault OTX",
  "pulse": "Infrastructure of Interest: Medium Confidence InfoStealer",
  "type": "domain",
  "value": "wizunatech.shop",
  "description": "These indicators of compromise (IOCs) were identified through LevelBlue Labs' proprietary collection and threat hunting processes, leveraging AI-driven heuristics to detect anomalous patterns, behavio",
  "tags": [],
  "created": "2025-08-07T07:31:55.617000",
  "reference": "https://otx.alienvault.com/pulse/6894566bd94b79b7fbdbade1"
}