{
  "source": "AlienVault OTX",
  "pulse": "Can't stop, won't stop: TA584 innovates initial access",
  "type": "FileHash-SHA256",
  "value": "441c49b6338ba25519fc2cf1f5cb31ba51b0ab919c463671ab5c7f34c5ce2d30",
  "description": "TA584, a prominent initial access broker targeting organizations globally, demonstrated significant changes in attack strategies throughout 2025. The actor expanded its global targeting, adopted Click",
  "tags": [
    "xworm",
    "email campaigns",
    "ldr4",
    "cybercrime",
    "dcrat",
    "xeno rat",
    "clickfix",
    "malware delivery",
    "cobalt strike",
    "tsundere bot",
    "ursnif",
    "warmcookie",
    "initial access broker",
    "social engineering"
  ],
  "created": "2026-01-28T18:26:15.886000",
  "reference": "https://otx.alienvault.com/pulse/697a54c77c23553aa2d3be96"
}